"baseline_score","doc_id"
96.88,"10"
100.0,"100"
83.33,"1000"
92.86,"1001"
85.71,"1002"
91.89,"1003"
87.5,"1004"
84.21,"1005"
81.25,"1006"
75.0,"1007"
92.86,"1008"
66.67,"1009"
84.48,"101"
69.23,"1010"
88.89,"1011"
66.67,"1012"
97.96,"1014"
100.0,"1015"
100.0,"1016"
90.38,"1017"
87.76,"1018"
80.0,"1019"
83.33,"102"
92.31,"1020"
88.89,"1021"
81.25,"1022"
85.71,"1023"
75.0,"1025"
87.5,"1026"
66.67,"1027"
75.0,"1028"
91.67,"1029"
95.92,"103"
70.59,"1030"
92.86,"1031"
100.0,"1032"
98.25,"1033"
85.71,"1034"
57.14,"1035"
92.31,"1036"
100.0,"1037"
87.5,"1038"
98.36,"1039"
100.0,"104"
60.0,"1040"
91.67,"1041"
86.21,"1042"
83.33,"1043"
93.33,"1044"
83.33,"1045"
100.0,"1046"
100.0,"1047"
100.0,"1048"
77.78,"1049"
92.31,"105"
100.0,"1050"
85.71,"1051"
85.71,"1052"
87.5,"1053"
95.83,"1054"
66.67,"1055"
62.5,"1056"
100.0,"1057"
62.5,"1058"
75.0,"1059"
100.0,"1060"
100.0,"1061"
66.67,"1062"
93.33,"1063"
91.67,"1064"
80.0,"1065"
65.0,"1066"
100.0,"1067"
85.0,"1068"
92.16,"1069"
85.71,"107"
96.3,"1070"
95.71,"1071"
94.12,"1072"
94.12,"1073"
45.45,"1074"
100.0,"1075"
65.79,"1076"
92.31,"1077"
90.91,"1078"
77.78,"1079"
100.0,"108"
98.32,"1080"
94.44,"1081"
75.0,"1082"
100.0,"1083"
87.5,"1084"
100.0,"1085"
100.0,"1086"
92.31,"1087"
65.52,"1088"
83.33,"1089"
100.0,"109"
85.71,"1090"
55.56,"1091"
83.33,"1092"
57.14,"1093"
58.33,"1094"
88.89,"1095"
73.33,"1096"
100.0,"1097"
50.0,"1098"
75.0,"1099"
70.79,"11"
88.89,"110"
100.0,"1100"
97.06,"1101"
88.89,"1102"
94.44,"1103"
100.0,"1104"
80.0,"1105"
100.0,"1106"
100.0,"1107"
72.73,"1108"
100.0,"1109"
100.0,"111"
90.91,"1110"
85.71,"1111"
100.0,"1112"
91.67,"1113"
66.67,"1114"
100.0,"1115"
90.0,"1116"
91.84,"1117"
94.12,"1118"
100.0,"1119"
83.67,"112"
94.74,"1126"
69.23,"1127"
80.0,"1128"
76.92,"1129"
99.16,"113"
71.43,"1130"
91.67,"1131"
62.5,"1132"
100.0,"1133"
91.67,"1134"
90.0,"1135"
92.31,"1136"
40.0,"1137"
93.33,"1138"
91.67,"1139"
40.0,"114"
85.71,"1141"
76.92,"1142"
68.75,"1143"
80.0,"1144"
62.5,"1145"
90.0,"1146"
57.14,"1147"
84.62,"1148"
60.0,"1149"
100.0,"115"
91.67,"1150"
86.67,"1151"
40.0,"1152"
75.0,"1153"
83.33,"1154"
87.5,"1155"
100.0,"1156"
100.0,"1157"
100.0,"1158"
100.0,"1159"
93.75,"116"
85.11,"1160"
87.5,"1162"
75.0,"1163"
81.82,"1164"
88.89,"1165"
90.91,"1166"
83.33,"1167"
80.0,"1168"
86.67,"1169"
100.0,"117"
90.91,"1170"
87.5,"1171"
93.75,"1172"
90.0,"1173"
100.0,"1174"
84.62,"1175"
87.5,"1176"
72.73,"1177"
100.0,"118"
83.33,"1180"
84.21,"1181"
90.91,"1182"
87.5,"1183"
88.89,"1184"
100.0,"1185"
80.58,"1186"
83.33,"1187"
85.71,"1188"
100.0,"1189"
83.33,"119"
100.0,"1190"
100.0,"1191"
100.0,"1192"
100.0,"1193"
100.0,"1194"
83.33,"1195"
80.0,"1196"
75.0,"1199"
89.09,"12"
92.54,"120"
100.0,"1200"
100.0,"1201"
100.0,"1202"
90.0,"1205"
91.67,"1206"
80.0,"1207"
100.0,"1208"
83.33,"1209"
80.53,"121"
83.33,"1210"
90.91,"1211"
91.67,"1212"
90.0,"1213"
50.0,"1214"
11.11,"1215"
87.5,"1216"
89.47,"1217"
89.47,"1218"
66.67,"1219"
62.96,"122"
100.0,"1220"
85.71,"1221"
100.0,"1222"
84.62,"1223"
85.71,"1224"
87.5,"1225"
64.71,"1226"
83.33,"1227"
92.86,"1228"
100.0,"1229"
73.68,"1230"
80.0,"1231"
80.0,"1232"
84.62,"1233"
66.67,"1234"
89.47,"1235"
83.33,"1236"
83.33,"1237"
91.67,"1238"
72.73,"1239"
100.0,"124"
83.33,"1240"
100.0,"1241"
100.0,"1242"
100.0,"1243"
75.0,"1244"
90.74,"1246"
72.73,"1247"
100.0,"1248"
100.0,"1249"
100.0,"125"
100.0,"1250"
83.33,"1251"
100.0,"1252"
100.0,"1253"
92.31,"1254"
100.0,"1255"
100.0,"1256"
100.0,"1257"
81.48,"1258"
95.08,"1259"
100.0,"126"
77.78,"1260"
58.33,"1261"
90.0,"1262"
88.89,"1263"
98.9,"1264"
100.0,"127"
86.11,"1277"
100.0,"128"
91.67,"1280"
92.31,"1282"
93.75,"1284"
100.0,"129"
94.64,"1297"
92.31,"13"
80.0,"130"
88.89,"1302"
35.29,"1303"
100.0,"1304"
100.0,"1305"
100.0,"1306"
100.0,"1307"
100.0,"1308"
100.0,"1309"
100.0,"131"
75.0,"1310"
80.95,"1311"
69.84,"1312"
87.5,"1315"
87.5,"1316"
70.0,"1317"
100.0,"1319"
81.67,"132"
77.78,"1321"
77.78,"1323"
57.14,"1324"
47.37,"1325"
74.71,"1326"
81.82,"1327"
98.51,"1328"
90.91,"1329"
91.67,"133"
90.0,"1330"
100.0,"1331"
93.24,"1332"
91.78,"1333"
72.73,"1334"
90.32,"1335"
100.0,"1336"
93.75,"134"
87.5,"1341"
85.71,"1342"
92.86,"1343"
81.25,"1344"
80.0,"1345"
81.82,"1346"
70.0,"1347"
92.06,"135"
100.0,"1351"
37.5,"1352"
100.0,"1353"
77.78,"1354"
84.85,"136"
96.88,"1360"
91.67,"1362"
83.33,"1363"
94.05,"1364"
81.82,"1366"
91.67,"1367"
85.03,"1368"
100.0,"137"
87.5,"1374"
85.71,"1375"
40.0,"1376"
77.78,"1377"
98.55,"138"
80.0,"1380"
0.0,"1383"
0.0,"1384"
82.54,"139"
66.67,"1392"
78.16,"1393"
94.12,"1395"
100.0,"1396"
85.71,"1397"
100.0,"1398"
75.0,"1399"
95.28,"14"
77.63,"140"
100.0,"1400"
100.0,"1404"
100.0,"1405"
100.0,"1406"
68.42,"1407"
95.24,"1409"
100.0,"141"
100.0,"1410"
100.0,"1411"
88.89,"1412"
86.36,"1413"
88.89,"1414"
88.89,"1415"
85.71,"1416"
77.78,"1417"
70.0,"1418"
85.71,"1419"
88.46,"142"
73.33,"1420"
100.0,"1421"
100.0,"1422"
92.86,"1423"
87.5,"1424"
83.33,"1425"
100.0,"1426"
100.0,"1427"
100.0,"1428"
100.0,"1429"
100.0,"143"
73.33,"1430"
100.0,"1431"
95.0,"1432"
88.89,"1433"
62.5,"1434"
100.0,"1435"
75.0,"1436"
100.0,"1437"
91.67,"1438"
66.67,"1439"
100.0,"144"
87.5,"1440"
79.41,"1441"
90.0,"1442"
100.0,"1443"
80.0,"1444"
94.12,"1445"
77.78,"1446"
100.0,"1447"
83.33,"1448"
50.0,"1449"
100.0,"145"
88.89,"1450"
72.22,"1451"
62.5,"1452"
30.0,"1453"
76.92,"1454"
83.33,"1455"
90.62,"1456"
92.31,"1457"
85.71,"1458"
62.5,"1459"
100.0,"146"
87.5,"1460"
85.71,"1461"
75.68,"1462"
66.67,"1463"
84.62,"1464"
77.78,"1465"
81.82,"1466"
95.18,"1467"
93.55,"1468"
50.0,"1469"
84.62,"147"
66.67,"1471"
85.71,"1476"
72.73,"1477"
45.45,"1478"
69.23,"1479"
98.05,"148"
89.47,"1480"
80.0,"1481"
87.5,"1482"
80.28,"1483"
92.86,"1484"
88.89,"1485"
75.0,"1486"
75.0,"1487"
100.0,"149"
77.78,"1492"
90.0,"1495"
76.92,"1496"
83.33,"1497"
90.91,"1498"
85.71,"1499"
81.97,"15"
100.0,"150"
90.91,"1500"
85.0,"1501"
97.06,"151"
83.33,"1510"
71.43,"1511"
100.0,"1512"
68.75,"1513"
92.86,"1514"
92.31,"1515"
87.5,"1516"
71.43,"1517"
66.67,"1518"
81.82,"1519"
89.47,"152"
50.0,"1520"
85.71,"1521"
90.0,"1522"
71.43,"1523"
60.0,"1524"
76.92,"1525"
87.5,"1526"
66.67,"1527"
81.82,"1528"
82.43,"153"
72.73,"1534"
87.5,"1535"
92.31,"1536"
83.33,"1537"
50.0,"1538"
67.74,"154"
87.5,"1542"
75.0,"1543"
88.89,"1544"
90.0,"1545"
94.74,"1546"
66.67,"1547"
87.5,"1548"
77.78,"1549"
100.0,"155"
86.67,"1552"
93.33,"1553"
85.71,"1554"
90.0,"1555"
62.5,"1556"
88.24,"1557"
77.78,"1558"
80.0,"1559"
100.0,"156"
66.67,"1560"
80.0,"1561"
87.5,"1562"
78.57,"1563"
92.31,"1564"
84.62,"1565"
62.5,"1566"
78.57,"1567"
87.5,"1568"
87.5,"1569"
100.0,"157"
85.71,"1571"
87.5,"1572"
66.67,"1573"
90.91,"1574"
50.0,"1575"
75.0,"1576"
80.0,"1577"
87.5,"1578"
88.89,"1579"
100.0,"158"
91.67,"1580"
85.71,"1581"
90.0,"1582"
69.23,"1583"
60.0,"1584"
90.0,"1585"
82.35,"1586"
66.67,"1587"
90.91,"1588"
81.82,"1589"
83.33,"1590"
72.73,"1591"
72.73,"1592"
87.5,"1593"
84.62,"1594"
75.0,"1595"
87.5,"1596"
90.0,"1597"
57.14,"1598"
84.62,"1599"
86.11,"16"
88.89,"160"
87.5,"1600"
85.71,"1601"
85.71,"1602"
94.44,"1603"
50.0,"1604"
66.67,"1605"
78.57,"1606"
75.0,"1607"
92.86,"1608"
62.5,"1609"
87.5,"161"
57.14,"1610"
0.0,"1611"
77.78,"1612"
83.33,"1614"
70.59,"1615"
85.71,"1616"
60.0,"1617"
100.0,"1618"
90.91,"1619"
100.0,"162"
90.0,"1620"
87.5,"1621"
90.0,"1625"
80.0,"1626"
90.0,"1627"
85.71,"1628"
85.71,"1629"
100.0,"163"
55.56,"1630"
90.0,"1631"
83.33,"1637"
100.0,"164"
83.33,"1649"
100.0,"165"
91.67,"1650"
90.0,"1652"
92.86,"1653"
85.71,"1654"
81.82,"1655"
77.78,"1656"
73.33,"1657"
90.0,"1658"
72.73,"1659"
97.48,"166"
76.92,"1660"
75.0,"1661"
0.0,"1662"
83.33,"1663"
0.0,"1664"
88.89,"1665"
83.33,"1666"
91.67,"1667"
88.24,"1668"
70.0,"1669"
94.74,"167"
72.73,"1670"
91.67,"1671"
87.5,"1672"
85.71,"1673"
87.5,"1674"
90.62,"168"
94.44,"1684"
91.67,"1685"
80.0,"1686"
90.0,"1687"
75.0,"1688"
100.0,"169"
86.89,"17"
100.0,"170"
87.5,"1705"
100.0,"171"
63.64,"1715"
90.48,"1716"
71.43,"1717"
91.67,"1719"
100.0,"172"
92.86,"1721"
90.0,"1723"
71.43,"1725"
71.64,"1726"
85.14,"1727"
87.5,"1728"
92.31,"1729"
100.0,"173"
100.0,"174"
100.0,"175"
100.0,"176"
99.12,"177"
100.0,"179"
35.22,"18"
100.0,"180"
97.56,"181"
90.0,"182"
51.16,"183"
88.59,"187"
100.0,"188"
100.0,"189"
87.27,"19"
100.0,"190"
100.0,"191"
100.0,"192"
80.95,"193"
100.0,"194"
77.33,"195"
89.71,"196"
93.33,"197"
93.83,"198"
85.71,"2"
54.67,"20"
76.25,"200"
92.86,"201"
86.96,"202"
86.21,"203"
96.63,"204"
78.95,"205"
91.3,"206"
83.64,"207"
95.18,"208"
80.17,"209"
66.14,"21"
68.33,"210"
79.13,"211"
90.0,"2110"
93.75,"2111"
75.0,"2112"
90.74,"212"
91.89,"213"
80.0,"214"
100.0,"215"
83.07,"216"
96.84,"217"
100.0,"218"
98.0,"219"
39.47,"22"
100.0,"220"
91.46,"221"
87.0,"222"
94.44,"223"
98.33,"224"
82.93,"225"
85.71,"227"
100.0,"228"
93.85,"229"
81.48,"23"
66.67,"230"
84.21,"231"
90.91,"232"
72.73,"233"
100.0,"234"
100.0,"235"
100.0,"236"
100.0,"237"
94.29,"238"
94.44,"239"
98.81,"24"
85.71,"240"
100.0,"241"
85.71,"242"
78.38,"243"
85.71,"244"
89.66,"245"
100.0,"246"
85.71,"247"
96.61,"248"
59.38,"25"
91.67,"250"
100.0,"251"
95.0,"252"
100.0,"253"
91.11,"254"
72.22,"255"
91.67,"256"
75.0,"257"
100.0,"258"
64.29,"259"
97.62,"26"
90.0,"260"
100.0,"261"
100.0,"262"
57.14,"263"
91.67,"264"
80.0,"265"
100.0,"266"
90.91,"267"
90.7,"268"
94.2,"269"
54.7,"27"
91.67,"270"
90.0,"271"
87.5,"272"
81.82,"273"
89.89,"274"
84.71,"275"
70.0,"276"
93.33,"277"
100.0,"278"
70.0,"279"
73.39,"28"
85.71,"280"
57.14,"281"
93.33,"282"
92.86,"283"
94.12,"284"
83.33,"285"
100.0,"286"
91.67,"287"
88.89,"288"
93.33,"289"
89.66,"29"
100.0,"290"
88.89,"291"
100.0,"292"
94.12,"293"
100.0,"294"
100.0,"295"
100.0,"296"
94.12,"297"
75.0,"298"
71.43,"299"
91.67,"3"
87.04,"30"
87.5,"300"
91.67,"301"
86.67,"302"
80.0,"303"
79.17,"304"
78.57,"305"
94.44,"306"
88.89,"307"
72.0,"308"
86.67,"309"
92.23,"31"
62.5,"310"
88.89,"311"
81.82,"312"
100.0,"313"
100.0,"314"
85.71,"3143"
86.67,"3144"
0.0,"3145"
87.5,"3146"
75.0,"3147"
97.06,"3148"
66.67,"3149"
94.74,"315"
77.78,"3150"
90.0,"3151"
90.91,"3152"
85.71,"3153"
97.06,"3154"
92.31,"3155"
80.0,"3156"
75.0,"3157"
100.0,"3158"
88.89,"3159"
80.68,"316"
91.67,"3161"
90.91,"3162"
80.0,"3163"
80.0,"3164"
95.45,"3165"
88.89,"3166"
90.91,"3167"
93.75,"3168"
90.91,"3169"
90.91,"317"
90.0,"3170"
87.5,"3171"
96.67,"3172"
91.84,"3173"
83.33,"3174"
94.44,"3175"
66.67,"3176"
84.62,"3177"
95.65,"3178"
85.71,"3179"
100.0,"318"
82.35,"3180"
88.89,"3181"
90.91,"3182"
93.02,"3183"
93.75,"3184"
83.33,"3185"
40.0,"3186"
60.0,"3187"
92.31,"3188"
95.45,"3189"
86.67,"319"
94.12,"3190"
92.86,"3191"
93.33,"3192"
80.0,"3193"
90.0,"3194"
80.0,"3195"
72.73,"3196"
90.91,"3197"
92.31,"3198"
83.33,"3199"
94.0,"32"
93.18,"320"
87.5,"3200"
65.0,"3201"
78.57,"3202"
60.0,"3203"
92.86,"3204"
88.46,"3205"
93.75,"3206"
91.67,"3207"
94.12,"3208"
92.86,"3209"
94.92,"321"
92.31,"3210"
60.0,"3211"
96.0,"3212"
81.82,"3213"
85.71,"3214"
92.86,"3215"
85.71,"3216"
73.91,"3217"
94.44,"3218"
80.77,"3219"
95.0,"322"
93.33,"3220"
91.67,"3221"
77.78,"3222"
95.0,"3223"
100.0,"3224"
75.0,"3225"
90.0,"3226"
90.0,"3227"
82.76,"3228"
90.0,"3229"
80.0,"323"
83.33,"3230"
80.0,"3231"
91.67,"3232"
83.33,"3233"
92.0,"3234"
83.33,"3235"
50.0,"3236"
88.89,"3237"
60.0,"3238"
100.0,"3239"
80.0,"324"
90.0,"3240"
83.33,"3244"
100.0,"3245"
85.71,"3246"
40.0,"3247"
83.33,"3248"
75.0,"3249"
100.0,"325"
100.0,"3250"
62.5,"3251"
92.31,"3252"
76.92,"3253"
30.0,"3254"
92.31,"3255"
91.67,"3256"
87.5,"3257"
90.0,"3258"
83.33,"3259"
87.5,"326"
90.91,"3260"
91.67,"3261"
93.75,"3262"
95.0,"3263"
75.0,"3264"
93.33,"3265"
100.0,"3266"
87.88,"3267"
96.0,"3268"
90.91,"3269"
100.0,"327"
87.5,"3270"
81.25,"3271"
94.12,"3272"
87.5,"3273"
83.33,"3274"
66.67,"3275"
80.0,"3276"
95.24,"3277"
88.89,"3278"
58.06,"3279"
75.0,"328"
92.86,"3280"
87.5,"3281"
92.31,"3282"
92.31,"3283"
85.71,"3284"
88.89,"3285"
88.89,"3286"
92.86,"3287"
87.5,"3288"
90.0,"3289"
100.0,"329"
75.0,"3299"
76.8,"33"
100.0,"330"
80.0,"3300"
71.43,"3301"
100.0,"3302"
88.89,"3303"
90.91,"3304"
88.89,"3305"
85.71,"3306"
87.5,"3307"
94.44,"3308"
92.31,"3309"
100.0,"331"
100.0,"332"
100.0,"333"
100.0,"334"
100.0,"335"
75.0,"336"
100.0,"337"
72.13,"338"
100.0,"339"
79.27,"340"
90.0,"341"
85.0,"342"
88.89,"343"
94.44,"344"
85.71,"345"
100.0,"346"
92.86,"347"
91.67,"3472"
60.0,"3473"
94.17,"3474"
91.23,"3475"
100.0,"348"
91.67,"349"
64.04,"3493"
81.18,"3495"
89.19,"3497"
96.3,"3498"
79.56,"35"
80.0,"350"
87.1,"3503"
80.0,"3505"
42.86,"3506"
90.0,"3507"
78.38,"3508"
100.0,"351"
90.2,"3511"
87.5,"3513"
92.65,"3515"
92.2,"3516"
95.35,"3517"
81.71,"3518"
90.0,"3519"
77.78,"352"
93.24,"3520"
94.74,"3522"
88.55,"3523"
79.31,"3524"
92.16,"3526"
0.0,"3527"
100.0,"3528"
91.3,"3529"
90.0,"353"
89.86,"3530"
0.0,"3532"
0.0,"3533"
60.0,"3536"
0.0,"3537"
84.08,"3538"
84.87,"3539"
91.67,"354"
84.16,"3540"
83.08,"3541"
80.31,"3542"
83.33,"3543"
86.96,"3544"
70.0,"3545"
95.16,"3546"
98.48,"3547"
0.0,"3549"
80.0,"355"
59.57,"3550"
0.0,"3551"
96.88,"3552"
30.0,"3553"
90.24,"3554"
82.91,"3555"
73.33,"3556"
88.89,"3557"
48.08,"3558"
84.42,"3559"
66.67,"356"
63.16,"3560"
91.43,"3561"
90.91,"3562"
87.5,"3563"
70.0,"3564"
64.71,"3565"
100.0,"357"
84.62,"3570"
92.5,"3571"
70.83,"3572"
82.35,"3573"
76.92,"3574"
75.0,"3575"
78.05,"3576"
76.92,"3577"
77.78,"3578"
93.33,"3579"
93.55,"358"
81.82,"3580"
91.07,"3581"
45.35,"3582"
0.0,"3583"
90.0,"3584"
77.42,"3585"
95.74,"3586"
94.12,"3587"
81.25,"3588"
70.0,"3589"
50.0,"359"
94.12,"3591"
87.69,"3592"
96.83,"3593"
88.89,"3598"
87.5,"36"
100.0,"360"
77.27,"3602"
100.0,"3603"
95.08,"3605"
80.0,"3607"
76.92,"3608"
80.0,"3609"
100.0,"361"
77.78,"3610"
81.82,"3611"
91.67,"3612"
0.0,"3613"
86.42,"3615"
81.25,"3617"
84.62,"3618"
72.73,"3619"
86.36,"362"
100.0,"3620"
87.5,"3621"
80.49,"3622"
86.36,"3623"
83.33,"3624"
54.55,"3625"
87.5,"3626"
0.0,"3627"
93.33,"363"
70.37,"3630"
92.86,"3631"
75.0,"3632"
88.0,"3633"
40.0,"3634"
88.68,"3635"
96.0,"3636"
91.67,"3637"
75.0,"3638"
77.78,"3639"
100.0,"364"
92.31,"3640"
91.67,"3641"
91.67,"3642"
92.59,"3643"
87.5,"3644"
85.0,"3645"
83.33,"3646"
71.43,"3647"
84.21,"3648"
85.83,"3649"
100.0,"365"
81.82,"3650"
79.31,"3651"
82.35,"3652"
57.14,"3653"
82.35,"3654"
57.14,"3655"
0.0,"3656"
84.62,"3657"
57.14,"3658"
87.5,"3659"
100.0,"366"
90.0,"3660"
92.31,"3661"
85.71,"3662"
55.56,"3663"
83.33,"3664"
80.0,"3665"
69.23,"3666"
90.0,"3667"
89.47,"3668"
77.78,"3669"
71.43,"367"
91.3,"3670"
66.67,"3671"
60.0,"3672"
81.82,"3673"
75.0,"3674"
81.82,"3675"
85.19,"3676"
89.19,"3677"
61.29,"3678"
90.91,"3679"
100.0,"368"
85.0,"3680"
66.67,"3681"
92.86,"3682"
95.65,"3683"
90.91,"3684"
81.82,"3685"
78.57,"3686"
88.0,"3687"
81.48,"3688"
96.03,"3689"
90.0,"369"
42.66,"3690"
0.0,"3691"
51.28,"3692"
91.67,"3693"
91.67,"3694"
91.67,"3695"
59.09,"3696"
87.5,"3697"
76.92,"3698"
75.0,"3699"
79.17,"37"
100.0,"370"
75.0,"3700"
77.78,"3701"
81.82,"3702"
0.0,"3703"
55.56,"3704"
83.33,"3705"
90.0,"3706"
92.86,"3707"
88.24,"3708"
94.74,"3709"
90.0,"371"
82.46,"3710"
63.16,"3711"
27.78,"3712"
79.59,"3713"
72.73,"3714"
92.31,"3715"
100.0,"3716"
28.57,"3717"
90.0,"3718"
66.67,"3719"
80.0,"372"
96.97,"3720"
79.41,"3721"
78.95,"3722"
85.71,"3723"
92.86,"3724"
100.0,"3725"
84.62,"3726"
68.75,"3727"
100.0,"3728"
73.33,"3729"
88.89,"373"
85.71,"3730"
47.37,"3731"
76.19,"3732"
90.0,"3733"
91.67,"3734"
85.71,"3735"
82.35,"3736"
82.35,"3737"
95.0,"3738"
45.45,"3739"
84.62,"374"
88.46,"3740"
78.95,"3741"
93.33,"3742"
90.0,"3743"
86.36,"3744"
88.89,"3745"
72.73,"3746"
72.09,"3747"
91.67,"3748"
77.78,"3749"
94.74,"375"
100.0,"3750"
88.24,"3751"
73.91,"3752"
100.0,"3753"
90.0,"3754"
100.0,"3755"
100.0,"3756"
94.12,"3757"
85.71,"3758"
100.0,"3759"
94.55,"376"
83.33,"3760"
100.0,"3761"
100.0,"3762"
60.0,"3763"
70.0,"3764"
100.0,"3765"
76.92,"3766"
94.44,"3767"
85.71,"3768"
82.86,"3769"
90.91,"377"
93.33,"3770"
87.5,"3771"
63.64,"3772"
25.0,"3773"
69.57,"3774"
89.47,"3775"
89.29,"3776"
66.67,"3777"
81.25,"3779"
85.71,"378"
100.0,"3780"
75.0,"3781"
80.0,"3782"
75.0,"3783"
52.38,"3784"
75.0,"3785"
76.19,"3786"
75.61,"3787"
94.74,"3788"
75.0,"3789"
62.5,"379"
90.0,"3790"
50.0,"3791"
90.91,"3792"
83.33,"3793"
90.0,"3794"
66.67,"3795"
81.25,"3796"
71.43,"3797"
88.89,"3798"
93.33,"3799"
80.36,"38"
84.38,"380"
83.33,"3800"
75.68,"3801"
91.67,"3802"
96.67,"3803"
25.0,"3804"
85.71,"3805"
90.0,"3806"
63.16,"3807"
100.0,"3808"
89.47,"3809"
83.33,"381"
73.33,"3810"
65.62,"3811"
80.0,"3812"
88.89,"3813"
76.67,"3814"
88.89,"3815"
88.24,"3816"
80.0,"3817"
64.71,"3818"
91.67,"3819"
100.0,"382"
84.21,"3820"
91.67,"3821"
90.0,"3822"
87.5,"3823"
74.07,"3824"
90.0,"3825"
61.54,"3826"
60.0,"3827"
88.89,"3828"
86.36,"3829"
100.0,"383"
96.67,"3830"
70.0,"3831"
88.46,"3832"
75.0,"3833"
66.67,"3834"
80.0,"3835"
71.43,"3836"
97.3,"3837"
75.76,"3838"
64.44,"3839"
100.0,"384"
88.89,"3840"
80.95,"3841"
77.78,"3842"
81.82,"3843"
88.89,"3844"
87.5,"3845"
0.0,"3846"
75.0,"3847"
84.62,"3848"
100.0,"3849"
88.89,"385"
75.0,"3850"
81.82,"3851"
11.9,"3852"
76.19,"3853"
71.43,"3854"
60.0,"3855"
57.14,"3856"
86.96,"3857"
85.0,"3858"
77.78,"3859"
76.92,"386"
81.82,"3860"
84.62,"3861"
100.0,"3862"
94.44,"3863"
100.0,"3864"
86.36,"3865"
20.69,"3866"
100.0,"3867"
93.33,"3868"
50.0,"3869"
100.0,"387"
91.67,"3870"
85.71,"3871"
69.23,"3872"
88.0,"3873"
52.0,"3874"
50.0,"3875"
73.53,"3876"
71.88,"3877"
92.31,"3878"
86.67,"3879"
54.17,"388"
63.64,"3880"
91.67,"3881"
83.33,"3882"
70.83,"3883"
80.0,"3884"
70.0,"3885"
93.75,"3886"
71.43,"3887"
76.92,"3888"
62.5,"3889"
80.0,"389"
87.5,"3890"
78.26,"3891"
85.71,"3892"
100.0,"3893"
55.56,"3894"
100.0,"3895"
94.44,"3896"
100.0,"3897"
90.91,"3898"
90.0,"3899"
84.0,"39"
100.0,"390"
88.89,"3900"
72.73,"3901"
66.67,"3902"
75.0,"3903"
91.67,"3904"
88.24,"3905"
84.62,"3906"
75.0,"3907"
94.74,"3908"
94.44,"3909"
87.5,"391"
81.48,"3910"
93.33,"3911"
75.0,"3912"
76.47,"3913"
76.92,"3914"
94.44,"3915"
90.91,"3916"
85.71,"3917"
50.0,"3918"
69.23,"3919"
69.23,"392"
90.91,"3920"
94.12,"3921"
72.73,"3922"
50.0,"3923"
95.24,"3924"
92.31,"3925"
90.91,"3926"
81.82,"3927"
81.82,"3928"
72.73,"3929"
100.0,"393"
0.0,"3930"
86.96,"3931"
96.0,"3932"
66.67,"3933"
58.82,"3934"
51.85,"3935"
75.0,"3936"
79.49,"3937"
87.5,"3938"
71.43,"3939"
86.67,"394"
93.75,"3940"
87.5,"3941"
92.31,"3942"
85.71,"3943"
62.5,"3944"
76.47,"3945"
88.89,"3946"
81.48,"3947"
87.5,"3948"
77.78,"3949"
100.0,"395"
57.14,"3950"
75.0,"3951"
94.44,"3952"
76.92,"3953"
87.5,"3954"
62.5,"3955"
94.44,"3956"
75.0,"3957"
73.33,"3958"
84.62,"3959"
100.0,"396"
91.67,"3960"
90.0,"3961"
72.41,"3962"
84.62,"3963"
83.78,"3964"
82.35,"3965"
89.47,"3966"
78.57,"3967"
85.71,"3968"
71.43,"3969"
66.67,"397"
82.35,"398"
78.57,"399"
0.0,"3999"
78.85,"4"
50.0,"40"
100.0,"400"
0.0,"4000"
100.0,"401"
100.0,"402"
83.33,"403"
88.89,"404"
83.33,"405"
100.0,"406"
85.71,"407"
100.0,"408"
91.67,"409"
90.91,"41"
90.74,"410"
100.0,"411"
100.0,"412"
100.0,"413"
88.89,"414"
100.0,"415"
100.0,"416"
100.0,"417"
86.54,"419"
70.0,"42"
66.67,"420"
100.0,"421"
100.0,"422"
84.13,"423"
100.0,"424"
70.0,"425"
100.0,"426"
100.0,"427"
92.31,"428"
100.0,"429"
95.5,"43"
100.0,"430"
87.5,"431"
88.89,"432"
100.0,"433"
100.0,"434"
100.0,"435"
100.0,"436"
100.0,"437"
88.0,"438"
68.18,"439"
95.48,"44"
100.0,"440"
85.71,"441"
100.0,"442"
96.0,"443"
75.0,"444"
50.0,"445"
85.71,"446"
88.89,"447"
96.88,"448"
98.15,"449"
79.88,"45"
96.0,"450"
86.36,"451"
95.35,"452"
89.86,"453"
66.67,"454"
66.67,"455"
100.0,"456"
100.0,"457"
92.86,"458"
75.52,"459"
90.91,"46"
100.0,"460"
72.73,"461"
88.89,"462"
100.0,"463"
96.83,"464"
85.96,"465"
83.33,"466"
71.43,"467"
92.06,"468"
85.71,"469"
73.33,"47"
93.2,"470"
94.67,"471"
66.67,"472"
94.17,"473"
83.33,"474"
73.33,"475"
100.0,"476"
90.91,"477"
81.25,"478"
87.5,"479"
66.1,"48"
100.0,"480"
100.0,"481"
100.0,"482"
80.95,"483"
83.33,"484"
75.0,"485"
94.12,"486"
90.91,"487"
87.5,"488"
85.71,"489"
77.27,"49"
100.0,"490"
93.33,"491"
78.79,"492"
30.0,"493"
84.62,"494"
100.0,"495"
90.91,"496"
100.0,"497"
88.89,"498"
90.0,"499"
93.65,"5"
62.94,"50"
100.0,"500"
83.33,"501"
100.0,"502"
88.89,"503"
67.5,"504"
100.0,"505"
100.0,"506"
100.0,"507"
100.0,"508"
100.0,"509"
47.61,"51"
100.0,"510"
75.0,"512"
80.0,"514"
88.0,"516"
77.5,"52"
66.67,"520"
87.5,"522"
62.5,"523"
72.73,"524"
83.33,"525"
100.0,"538"
90.0,"539"
95.59,"54"
81.25,"540"
93.33,"541"
75.0,"542"
88.89,"543"
100.0,"545"
92.31,"546"
100.0,"547"
100.0,"548"
100.0,"549"
73.08,"55"
100.0,"550"
100.0,"551"
96.46,"552"
81.82,"553"
70.37,"554"
100.0,"555"
87.5,"556"
100.0,"557"
94.74,"558"
80.0,"559"
100.0,"560"
100.0,"561"
100.0,"562"
100.0,"563"
97.96,"564"
40.0,"565"
83.33,"566"
92.86,"57"
100.0,"575"
100.0,"576"
100.0,"577"
86.0,"578"
85.11,"579"
90.0,"580"
91.89,"581"
89.53,"588"
100.0,"589"
100.0,"590"
57.89,"591"
35.48,"592"
83.33,"593"
83.33,"594"
80.0,"595"
66.67,"596"
90.0,"597"
80.33,"6"
100.0,"615"
88.24,"616"
88.89,"617"
100.0,"618"
100.0,"619"
100.0,"620"
100.0,"621"
100.0,"622"
100.0,"623"
100.0,"624"
63.64,"625"
78.57,"626"
75.0,"627"
92.31,"628"
83.33,"629"
100.0,"630"
100.0,"631"
90.0,"632"
87.5,"64"
77.78,"640"
96.0,"646"
94.48,"648"
98.25,"65"
83.93,"66"
66.67,"661"
100.0,"662"
100.0,"663"
93.33,"664"
92.31,"665"
91.67,"666"
91.67,"667"
94.12,"67"
94.12,"670"
95.57,"671"
90.91,"672"
85.71,"673"
90.91,"674"
97.83,"677"
83.33,"678"
100.0,"679"
100.0,"680"
100.0,"681"
72.73,"682"
66.67,"683"
88.89,"684"
87.14,"685"
100.0,"686"
100.0,"687"
100.0,"688"
87.1,"689"
94.44,"69"
81.82,"690"
71.43,"691"
73.08,"692"
100.0,"693"
100.0,"694"
100.0,"695"
100.0,"696"
100.0,"697"
100.0,"698"
100.0,"699"
88.37,"7"
84.3,"70"
72.0,"700"
85.71,"701"
83.33,"702"
77.78,"703"
100.0,"704"
100.0,"705"
95.83,"71"
87.5,"715"
71.43,"716"
87.5,"717"
88.89,"718"
75.32,"72"
83.33,"726"
80.0,"729"
100.0,"73"
76.92,"732"
85.0,"734"
72.73,"737"
76.92,"738"
81.82,"739"
100.0,"74"
25.0,"741"
72.73,"743"
85.71,"745"
81.25,"746"
80.0,"747"
87.5,"748"
90.0,"749"
97.44,"75"
72.73,"750"
83.33,"752"
91.67,"753"
75.0,"754"
87.5,"755"
33.33,"756"
92.86,"757"
100.0,"758"
62.5,"759"
100.0,"76"
100.0,"760"
94.44,"761"
23.91,"762"
81.82,"763"
94.74,"764"
91.67,"765"
80.0,"766"
100.0,"767"
100.0,"768"
70.0,"769"
87.5,"77"
88.89,"771"
85.71,"772"
86.67,"773"
80.0,"774"
84.62,"778"
100.0,"779"
50.0,"78"
100.0,"780"
86.96,"781"
85.9,"782"
100.0,"783"
90.0,"784"
93.55,"785"
100.0,"786"
100.0,"787"
83.33,"788"
90.0,"789"
100.0,"790"
76.92,"793"
80.0,"794"
75.0,"796"
83.33,"797"
66.67,"798"
93.75,"80"
87.65,"803"
91.43,"81"
78.95,"82"
87.72,"823"
97.83,"824"
81.82,"825"
44.44,"826"
70.0,"827"
90.91,"828"
88.89,"829"
100.0,"83"
95.24,"833"
87.5,"834"
93.44,"835"
100.0,"836"
100.0,"837"
62.5,"838"
100.0,"839"
81.03,"84"
88.89,"840"
92.31,"841"
80.0,"842"
100.0,"843"
83.33,"844"
100.0,"845"
100.0,"846"
100.0,"847"
84.91,"848"
100.0,"849"
69.49,"85"
80.77,"850"
77.78,"851"
85.71,"852"
75.0,"853"
69.23,"854"
83.33,"855"
75.0,"856"
85.71,"857"
92.86,"858"
81.25,"859"
86.76,"86"
88.12,"860"
86.27,"863"
94.29,"87"
90.74,"870"
98.63,"875"
88.49,"88"
81.82,"882"
44.44,"884"
66.67,"886"
91.67,"887"
85.71,"889"
100.0,"89"
88.24,"890"
80.0,"891"
61.54,"892"
78.57,"893"
80.0,"894"
86.36,"895"
60.0,"896"
70.0,"897"
92.31,"898"
81.25,"899"
96.0,"9"
100.0,"90"
91.67,"900"
90.91,"901"
66.67,"902"
91.67,"903"
84.62,"904"
88.89,"905"
85.71,"906"
45.0,"907"
80.0,"908"
85.71,"909"
100.0,"91"
85.71,"910"
85.71,"911"
87.5,"912"
66.67,"913"
69.23,"914"
71.43,"915"
87.5,"916"
100.0,"919"
100.0,"92"
86.05,"921"
95.08,"922"
92.86,"923"
100.0,"924"
30.77,"925"
80.0,"926"
36.36,"927"
93.75,"928"
80.0,"929"
100.0,"93"
78.95,"930"
92.86,"931"
83.33,"932"
33.33,"933"
77.78,"934"
87.5,"935"
91.67,"936"
75.0,"937"
90.91,"938"
87.5,"939"
90.0,"940"
85.71,"941"
90.91,"942"
92.86,"943"
94.74,"944"
75.0,"945"
77.78,"946"
93.75,"947"
78.57,"948"
70.83,"949"
81.4,"95"
95.4,"950"
91.67,"951"
83.33,"952"
52.38,"953"
100.0,"954"
86.67,"955"
90.0,"956"
50.0,"957"
45.45,"958"
70.0,"959"
70.45,"96"
88.89,"960"
50.0,"961"
100.0,"962"
92.31,"963"
87.5,"964"
93.75,"965"
92.31,"966"
72.73,"967"
63.64,"968"
71.43,"969"
90.8,"97"
79.12,"971"
94.37,"972"
98.28,"973"
92.31,"974"
70.0,"975"
83.33,"976"
69.23,"977"
53.33,"978"
91.67,"979"
100.0,"98"
100.0,"982"
100.0,"983"
76.92,"984"
73.33,"985"
82.35,"986"
88.89,"987"
80.0,"988"
53.33,"989"
100.0,"99"
85.71,"990"
97.59,"991"
91.43,"992"
100.0,"993"
72.73,"994"
100.0,"995"
100.0,"996"
95.45,"997"
92.0,"998"
90.91,"999"
